"","State_Name","state_abbr","data_year","totalCrimes","churchesPerState","state_pop","Buddhist","Catholic","Evangelical.Protestant","Hindu","Historically.Black.Protestant","Jehovah.s.Witness","Jewish","Mainline.Protestant","Mormon","Muslim","Orthodox.Christian","Other.Christian","Other.Faiths","Other.World.Religions","Unaffiliated..religious..nones..","Don.t.know"
"1","Alabama","AL",2021,10,3494,5050380,0,244.58,1712.06,0,0.16,0,0,454.22,34.94,0,0,0,34.94,0,419.28,0.01
"2","Alabama","AL",2022,9,3494,5073903,0,244.58,1712.06,0,0.16,0,0,454.22,34.94,0,0,0,34.94,0,419.28,0.01
"3","Alaska","AK",2021,1,846,734923,8.46,135.36,186.12,0,0.03,0,0,101.52,42.3,0,42.3,0,33.84,0.01,262.26,0.01
"4","Alaska","AK",2020,1,846,732964,8.46,135.36,186.12,0,0.03,0,0,101.52,42.3,0,42.3,0,33.84,0.01,262.26,0.01
"5","Arizona","AZ",2017,14,4031,7044008,40.31,846.51,1048.06,0.01,0.01,80.62,0.02,483.72,201.55,40.31,0,0,80.62,0,1088.37,0
"6","Arizona","AZ",2014,2,4031,6730413,40.31,846.51,1048.06,0.01,0.01,80.62,0.02,483.72,201.55,40.31,0,0,80.62,0,1088.37,0
"7","Arizona","AZ",2019,4,4031,7278717,40.31,846.51,1048.06,0.01,0.01,80.62,0.02,483.72,201.55,40.31,0,0,80.62,0,1088.37,0
"8","Arizona","AZ",2016,3,4031,6941072,40.31,846.51,1048.06,0.01,0.01,80.62,0.02,483.72,201.55,40.31,0,0,80.62,0,1088.37,0
"9","Arizona","AZ",2018,4,4031,7158024,40.31,846.51,1048.06,0.01,0.01,80.62,0.02,483.72,201.55,40.31,0,0,80.62,0,1088.37,0
"10","Arizona","AZ",2020,7,4031,7186683,40.31,846.51,1048.06,0.01,0.01,80.62,0.02,483.72,201.55,40.31,0,0,80.62,0,1088.37,0
"11","Arizona","AZ",2021,9,4031,7272487,40.31,846.51,1048.06,0.01,0.01,80.62,0.02,483.72,201.55,40.31,0,0,80.62,0,1088.37,0
"12","Arizona","AZ",2022,15,4031,7365684,40.31,846.51,1048.06,0.01,0.01,80.62,0.02,483.72,201.55,40.31,0,0,80.62,0,1088.37,0
"13","Arkansas","AR",2022,3,2644,3046404,0,211.52,1216.24,0,0.08,0,0,423.04,26.44,52.88,0,0,26.44,0,475.92,0
"14","Arkansas","AR",2018,1,2644,3009733,0,211.52,1216.24,0,0.08,0,0,423.04,26.44,52.88,0,0,26.44,0,475.92,0
"15","Arkansas","AR",2021,2,2644,3028443,0,211.52,1216.24,0,0.08,0,0,423.04,26.44,52.88,0,0,26.44,0,475.92,0
"16","Arkansas","AR",2019,2,2644,3017804,0,211.52,1216.24,0,0.08,0,0,423.04,26.44,52.88,0,0,26.44,0,475.92,0
"17","Arkansas","AR",2016,1,2644,2989918,0,211.52,1216.24,0,0.08,0,0,423.04,26.44,52.88,0,0,26.44,0,475.92,0
"18","California","CA",2014,24,29833,38596972,596.66,8353.24,5966.6,0.02,0.02,596.66,0.02,2983.3,298.33,298.33,298.33,298.33,596.66,0.01,8054.91,0.01
"19","California","CA",2022,78,29833,39040616,596.66,8353.24,5966.6,0.02,0.02,596.66,0.02,2983.3,298.33,298.33,298.33,298.33,596.66,0.01,8054.91,0.01
"20","California","CA",2016,28,29833,39167117,596.66,8353.24,5966.6,0.02,0.02,596.66,0.02,2983.3,298.33,298.33,298.33,298.33,596.66,0.01,8054.91,0.01
"21","California","CA",2020,63,29833,39503200,596.66,8353.24,5966.6,0.02,0.02,596.66,0.02,2983.3,298.33,298.33,298.33,298.33,596.66,0.01,8054.91,0.01
"22","California","CA",2017,32,29833,39358497,596.66,8353.24,5966.6,0.02,0.02,596.66,0.02,2983.3,298.33,298.33,298.33,298.33,596.66,0.01,8054.91,0.01
"23","California","CA",2018,23,29833,39461588,596.66,8353.24,5966.6,0.02,0.02,596.66,0.02,2983.3,298.33,298.33,298.33,298.33,596.66,0.01,8054.91,0.01
"24","California","CA",2019,36,29833,39512223,596.66,8353.24,5966.6,0.02,0.02,596.66,0.02,2983.3,298.33,298.33,298.33,298.33,596.66,0.01,8054.91,0.01
"25","California","CA",2015,30,29833,38918045,596.66,8353.24,5966.6,0.02,0.02,596.66,0.02,2983.3,298.33,298.33,298.33,298.33,596.66,0.01,8054.91,0.01
"26","California","CA",2021,49,29833,39145060,596.66,8353.24,5966.6,0.02,0.02,596.66,0.02,2983.3,298.33,298.33,298.33,298.33,596.66,0.01,8054.91,0.01
"27","Colorado","CO",2019,9,4351,5758736,43.51,696.16,1131.26,0,0.02,43.51,0.01,652.65,87.02,0,43.51,43.51,87.02,0,1261.79,0.02
"28","Colorado","CO",2022,23,4351,5841039,43.51,696.16,1131.26,0,0.02,43.51,0.01,652.65,87.02,0,43.51,43.51,87.02,0,1261.79,0.02
"29","Colorado","CO",2014,1,4351,5350101,43.51,696.16,1131.26,0,0.02,43.51,0.01,652.65,87.02,0,43.51,43.51,87.02,0,1261.79,0.02
"30","Colorado","CO",2020,12,4351,5785219,43.51,696.16,1131.26,0,0.02,43.51,0.01,652.65,87.02,0,43.51,43.51,87.02,0,1261.79,0.02
"31","Colorado","CO",2018,3,4351,5691287,43.51,696.16,1131.26,0,0.02,43.51,0.01,652.65,87.02,0,43.51,43.51,87.02,0,1261.79,0.02
"32","Colorado","CO",2021,17,4351,5811596,43.51,696.16,1131.26,0,0.02,43.51,0.01,652.65,87.02,0,43.51,43.51,87.02,0,1261.79,0.02
"33","Colorado","CO",2016,2,4351,5539215,43.51,696.16,1131.26,0,0.02,43.51,0.01,652.65,87.02,0,43.51,43.51,87.02,0,1261.79,0.02
"34","Colorado","CO",2017,1,4351,5611885,43.51,696.16,1131.26,0,0.02,43.51,0.01,652.65,87.02,0,43.51,43.51,87.02,0,1261.79,0.02
"35","Colorado","CO",2015,3,4351,5450623,43.51,696.16,1131.26,0,0.02,43.51,0.01,652.65,87.02,0,43.51,43.51,87.02,0,1261.79,0.02
"36","Connecticut","CT",2022,2,2102,3608706,21.02,693.66,273.26,0.01,0.05,63.06,0.03,357.34,21.02,21.02,21.02,21.02,42.04,0,483.46,0.01
"37","Connecticut","CT",2014,3,2102,3594524,21.02,693.66,273.26,0.01,0.05,63.06,0.03,357.34,21.02,21.02,21.02,21.02,42.04,0,483.46,0.01
"38","Connecticut","CT",2016,1,2102,3578141,21.02,693.66,273.26,0.01,0.05,63.06,0.03,357.34,21.02,21.02,21.02,21.02,42.04,0,483.46,0.01
"39","Connecticut","CT",2021,3,2102,3603691,21.02,693.66,273.26,0.01,0.05,63.06,0.03,357.34,21.02,21.02,21.02,21.02,42.04,0,483.46,0.01
"40","Connecticut","CT",2017,3,2102,3573297,21.02,693.66,273.26,0.01,0.05,63.06,0.03,357.34,21.02,21.02,21.02,21.02,42.04,0,483.46,0.01
"41","Connecticut","CT",2015,1,2102,3587122,21.02,693.66,273.26,0.01,0.05,63.06,0.03,357.34,21.02,21.02,21.02,21.02,42.04,0,483.46,0.01
"42","Connecticut","CT",2018,2,2102,3571520,21.02,693.66,273.26,0.01,0.05,63.06,0.03,357.34,21.02,21.02,21.02,21.02,42.04,0,483.46,0.01
"43","Delaware","DE",2019,1,782,973764,0,172.04,117.3,0.02,0.1,23.46,0.03,164.22,0,7.82,7.82,0,7.82,0,179.86,0.01
"44","Delaware","DE",2017,1,782,956823,0,172.04,117.3,0.02,0.1,23.46,0.03,164.22,0,7.82,7.82,0,7.82,0,179.86,0.01
"45","District of Columbia","DC",2022,23,756,670949,0,151.2,60.48,0.01,0.23,37.8,0.05,75.6,15.12,15.12,7.56,0,7.56,0,189,0.01
"46","District of Columbia","DC",2016,20,756,685815,0,151.2,60.48,0.01,0.23,37.8,0.05,75.6,15.12,15.12,7.56,0,7.56,0,189,0.01
"47","District of Columbia","DC",2014,15,756,662328,0,151.2,60.48,0.01,0.23,37.8,0.05,75.6,15.12,15.12,7.56,0,7.56,0,189,0.01
"48","District of Columbia","DC",2017,13,756,694906,0,151.2,60.48,0.01,0.23,37.8,0.05,75.6,15.12,15.12,7.56,0,7.56,0,189,0.01
"49","District of Columbia","DC",2021,12,756,669037,0,151.2,60.48,0.01,0.23,37.8,0.05,75.6,15.12,15.12,7.56,0,7.56,0,189,0.01
"50","District of Columbia","DC",2020,28,756,670839,0,151.2,60.48,0.01,0.23,37.8,0.05,75.6,15.12,15.12,7.56,0,7.56,0,189,0.01
"51","District of Columbia","DC",2019,27,756,705749,0,151.2,60.48,0.01,0.23,37.8,0.05,75.6,15.12,15.12,7.56,0,7.56,0,189,0.01
"52","District of Columbia","DC",2015,10,756,675400,0,151.2,60.48,0.01,0.23,37.8,0.05,75.6,15.12,15.12,7.56,0,7.56,0,189,0.01
"53","District of Columbia","DC",2018,33,756,701547,0,151.2,60.48,0.01,0.23,37.8,0.05,75.6,15.12,15.12,7.56,0,7.56,0,189,0.01
"54","Florida","FL",2022,4,18537,22245521,0,3892.77,4448.88,0,0.08,556.11,0.03,2595.18,185.37,0,0,185.37,370.74,0,4448.88,0
"55","Florida","FL",2016,1,18537,20613477,0,3892.77,4448.88,0,0.08,556.11,0.03,2595.18,185.37,0,0,185.37,370.74,0,4448.88,0
"56","Florida","FL",2014,1,18537,19845911,0,3892.77,4448.88,0,0.08,556.11,0.03,2595.18,185.37,0,0,185.37,370.74,0,4448.88,0
"57","Florida","FL",2021,5,18537,21830708,0,3892.77,4448.88,0,0.08,556.11,0.03,2595.18,185.37,0,0,185.37,370.74,0,4448.88,0
"58","Florida","FL",2015,1,18537,20209042,0,3892.77,4448.88,0,0.08,556.11,0.03,2595.18,185.37,0,0,185.37,370.74,0,4448.88,0
"59","Florida","FL",2020,2,18537,21591299,0,3892.77,4448.88,0,0.08,556.11,0.03,2595.18,185.37,0,0,185.37,370.74,0,4448.88,0
"60","Florida","FL",2018,5,18537,21244317,0,3892.77,4448.88,0,0.08,556.11,0.03,2595.18,185.37,0,0,185.37,370.74,0,4448.88,0
"61","Georgia","GA",2022,6,9974,10913150,0,897.66,3790.12,0,0.17,99.74,0.01,1196.88,99.74,0,0,0,199.48,0,1795.32,0.01
"62","Georgia","GA",2021,10,9974,10790385,0,897.66,3790.12,0,0.17,99.74,0.01,1196.88,99.74,0,0,0,199.48,0,1795.32,0.01
"63","Georgia","GA",2019,5,9974,10617423,0,897.66,3790.12,0,0.17,99.74,0.01,1196.88,99.74,0,0,0,199.48,0,1795.32,0.01
"64","Georgia","GA",2020,5,9974,10732390,0,897.66,3790.12,0,0.17,99.74,0.01,1196.88,99.74,0,0,0,199.48,0,1795.32,0.01
"65","Idaho","ID",2020,7,1128,1849339,0,112.8,236.88,0,0,0,0,180.48,214.32,11.28,11.28,0,22.56,0,304.56,0.01
"66","Illinois","IL",2021,3,9704,12690341,97.04,2717.12,1940.8,0.01,0.07,194.08,0.02,1552.64,0,97.04,97.04,0,97.04,0,2134.88,0.01
"67","Illinois","IL",2020,2,9704,12790357,97.04,2717.12,1940.8,0.01,0.07,194.08,0.02,1552.64,0,97.04,97.04,0,97.04,0,2134.88,0.01
"68","Illinois","IL",2022,10,9704,12582515,97.04,2717.12,1940.8,0.01,0.07,194.08,0.02,1552.64,0,97.04,97.04,0,97.04,0,2134.88,0.01
"69","Illinois","IL",2018,6,9704,12723071,97.04,2717.12,1940.8,0.01,0.07,194.08,0.02,1552.64,0,97.04,97.04,0,97.04,0,2134.88,0.01
"70","Illinois","IL",2019,6,9704,12671821,97.04,2717.12,1940.8,0.01,0.07,194.08,0.02,1552.64,0,97.04,97.04,0,97.04,0,2134.88,0.01
"71","Illinois","IL",2017,1,9704,12778828,97.04,2717.12,1940.8,0.01,0.07,194.08,0.02,1552.64,0,97.04,97.04,0,97.04,0,2134.88,0.01
"72","Illinois","IL",2016,3,9704,12820527,97.04,2717.12,1940.8,0.01,0.07,194.08,0.02,1552.64,0,97.04,97.04,0,97.04,0,2134.88,0.01
"73","Illinois","IL",2015,3,9704,12858913,97.04,2717.12,1940.8,0.01,0.07,194.08,0.02,1552.64,0,97.04,97.04,0,97.04,0,2134.88,0.01
"74","Indiana","IN",2019,2,6106,6732219,0,1099.08,1892.86,0,0.05,61.06,0.01,976.96,61.06,0,0,0,61.06,0,1587.56,0
"75","Indiana","IN",2018,2,6106,6695497,0,1099.08,1892.86,0,0.05,61.06,0.01,976.96,61.06,0,0,0,61.06,0,1587.56,0
"76","Indiana","IN",2021,13,6106,6813798,0,1099.08,1892.86,0,0.05,61.06,0.01,976.96,61.06,0,0,0,61.06,0,1587.56,0
"77","Indiana","IN",2020,5,6106,6789098,0,1099.08,1892.86,0,0.05,61.06,0.01,976.96,61.06,0,0,0,61.06,0,1587.56,0
"78","Indiana","IN",2022,9,6106,6832274,0,1099.08,1892.86,0,0.05,61.06,0.01,976.96,61.06,0,0,0,61.06,0,1587.56,0
"79","Iowa","IA",2022,4,2633,3199693,0,473.94,737.24,0,0.02,0,0,789.9,0,26.33,0,0,0,0,552.93,0.01
"80","Iowa","IA",2021,4,2633,3197944,0,473.94,737.24,0,0.02,0,0,789.9,0,26.33,0,0,0,0,552.93,0.01
"81","Kansas","KS",2021,3,3010,2937946,30.1,541.8,933.1,0,0.02,0,0,722.4,30.1,30.1,0,0,60.2,0,602,0
"82","Kansas","KS",2014,1,3010,2900475,30.1,541.8,933.1,0,0.02,0,0,722.4,30.1,30.1,0,0,60.2,0,602,0
"83","Kansas","KS",2022,5,3010,2936716,30.1,541.8,933.1,0,0.02,0,0,722.4,30.1,30.1,0,0,60.2,0,602,0
"84","Kansas","KS",2019,2,3010,2913314,30.1,541.8,933.1,0,0.02,0,0,722.4,30.1,30.1,0,0,60.2,0,602,0
"85","Kentucky","KY",2020,3,3100,4508155,0,310,1519,0,0.05,0,0,341,0,0,0,0,62,0,682,0
"86","Kentucky","KY",2017,3,3100,4452268,0,310,1519,0,0.05,0,0,341,0,0,0,0,62,0,682,0
"87","Kentucky","KY",2016,4,3100,4438182,0,310,1519,0,0.05,0,0,341,0,0,0,0,62,0,682,0
"88","Kentucky","KY",2019,3,3100,4467673,0,310,1519,0,0.05,0,0,341,0,0,0,0,62,0,682,0
"89","Kentucky","KY",2018,3,3100,4461153,0,310,1519,0,0.05,0,0,341,0,0,0,0,62,0,682,0
"90","Kentucky","KY",2021,14,3100,4507600,0,310,1519,0,0.05,0,0,341,0,0,0,0,62,0,682,0
"91","Kentucky","KY",2014,1,3100,4414349,0,310,1519,0,0.05,0,0,341,0,0,0,0,62,0,682,0
"92","Kentucky","KY",2022,7,3100,4511563,0,310,1519,0,0.05,0,0,341,0,0,0,0,62,0,682,0
"93","Kentucky","KY",2015,1,3100,4425976,0,310,1519,0,0.05,0,0,341,0,0,0,0,62,0,682,0
"94","Louisiana","LA",2022,1,3467,4588023,34.67,901.42,936.09,0,0.22,0,0,277.36,0,0,0,34.67,34.67,0,450.71,0
"95","Louisiana","LA",2020,1,3467,4652022,34.67,901.42,936.09,0,0.22,0,0,277.36,0,0,0,34.67,34.67,0,450.71,0
"96","Louisiana","LA",2016,1,3467,4678135,34.67,901.42,936.09,0,0.22,0,0,277.36,0,0,0,34.67,34.67,0,450.71,0
"97","Louisiana","LA",2021,1,3467,4627047,34.67,901.42,936.09,0,0.22,0,0,277.36,0,0,0,34.67,34.67,0,450.71,0
"98","Maine","ME",2022,8,701,1389338,7.01,147.21,98.14,0,0.02,14.02,0.02,147.21,14.02,0,0,7.01,35.05,0,217.31,0.02
"99","Maine","ME",2020,1,701,1364517,7.01,147.21,98.14,0,0.02,14.02,0.02,147.21,14.02,0,0,7.01,35.05,0,217.31,0.02
"100","Maine","ME",2018,1,701,1339057,7.01,147.21,98.14,0,0.02,14.02,0.02,147.21,14.02,0,0,7.01,35.05,0,217.31,0.02
"101","Maine","ME",2017,2,701,1334612,7.01,147.21,98.14,0,0.02,14.02,0.02,147.21,14.02,0,0,7.01,35.05,0,217.31,0.02
"102","Maine","ME",2021,3,701,1378787,7.01,147.21,98.14,0,0.02,14.02,0.02,147.21,14.02,0,0,7.01,35.05,0,217.31,0.02
"103","Maryland","MD",2020,1,5995,6173689,59.95,899.25,1079.1,0.01,0.16,179.85,0.03,1079.1,59.95,59.95,59.95,59.95,119.9,0,1378.85,0
"104","Maryland","MD",2015,1,5995,5985562,59.95,899.25,1079.1,0.01,0.16,179.85,0.03,1079.1,59.95,59.95,59.95,59.95,119.9,0,1378.85,0
"105","Maryland","MD",2016,1,5995,6003323,59.95,899.25,1079.1,0.01,0.16,179.85,0.03,1079.1,59.95,59.95,59.95,59.95,119.9,0,1378.85,0
"106","Maryland","MD",2018,5,5995,6035802,59.95,899.25,1079.1,0.01,0.16,179.85,0.03,1079.1,59.95,59.95,59.95,59.95,119.9,0,1378.85,0
"107","Maryland","MD",2022,8,5995,6163981,59.95,899.25,1079.1,0.01,0.16,179.85,0.03,1079.1,59.95,59.95,59.95,59.95,119.9,0,1378.85,0
"108","Maryland","MD",2017,7,5995,6023868,59.95,899.25,1079.1,0.01,0.16,179.85,0.03,1079.1,59.95,59.95,59.95,59.95,119.9,0,1378.85,0
"109","Maryland","MD",2021,4,5995,6175045,59.95,899.25,1079.1,0.01,0.16,179.85,0.03,1079.1,59.95,59.95,59.95,59.95,119.9,0,1378.85,0
"110","Massachusetts","MA",2020,11,3279,6997713,32.79,1114.86,295.11,0.01,0.02,98.37,0.03,327.9,32.79,32.79,32.79,0,65.58,0,1049.28,0.01
"111","Massachusetts","MA",2016,16,3279,6823608,32.79,1114.86,295.11,0.01,0.02,98.37,0.03,327.9,32.79,32.79,32.79,0,65.58,0,1049.28,0.01
"112","Massachusetts","MA",2018,7,3279,6882635,32.79,1114.86,295.11,0.01,0.02,98.37,0.03,327.9,32.79,32.79,32.79,0,65.58,0,1049.28,0.01
"113","Massachusetts","MA",2014,50,3279,6762596,32.79,1114.86,295.11,0.01,0.02,98.37,0.03,327.9,32.79,32.79,32.79,0,65.58,0,1049.28,0.01
"114","Massachusetts","MA",2022,26,3279,6982740,32.79,1114.86,295.11,0.01,0.02,98.37,0.03,327.9,32.79,32.79,32.79,0,65.58,0,1049.28,0.01
"115","Massachusetts","MA",2015,45,3279,6794228,32.79,1114.86,295.11,0.01,0.02,98.37,0.03,327.9,32.79,32.79,32.79,0,65.58,0,1049.28,0.01
"116","Massachusetts","MA",2017,7,3279,6859789,32.79,1114.86,295.11,0.01,0.02,98.37,0.03,327.9,32.79,32.79,32.79,0,65.58,0,1049.28,0.01
"117","Massachusetts","MA",2019,8,3279,6892503,32.79,1114.86,295.11,0.01,0.02,98.37,0.03,327.9,32.79,32.79,32.79,0,65.58,0,1049.28,0.01
"118","Massachusetts","MA",2021,11,3279,6991951,32.79,1114.86,295.11,0.01,0.02,98.37,0.03,327.9,32.79,32.79,32.79,0,65.58,0,1049.28,0.01
"119","Michigan","MI",2015,1,7492,9931715,74.92,1348.56,1873,0,0.08,74.92,0.01,1348.56,0,74.92,0,74.92,74.92,0,1798.08,0.01
"120","Michigan","MI",2017,3,7492,9973114,74.92,1348.56,1873,0,0.08,74.92,0.01,1348.56,0,74.92,0,74.92,74.92,0,1798.08,0.01
"121","Michigan","MI",2014,3,7492,9929848,74.92,1348.56,1873,0,0.08,74.92,0.01,1348.56,0,74.92,0,74.92,74.92,0,1798.08,0.01
"122","Michigan","MI",2016,2,7492,9950571,74.92,1348.56,1873,0,0.08,74.92,0.01,1348.56,0,74.92,0,74.92,74.92,0,1798.08,0.01
"123","Michigan","MI",2018,2,7492,9984072,74.92,1348.56,1873,0,0.08,74.92,0.01,1348.56,0,74.92,0,74.92,74.92,0,1798.08,0.01
"124","Michigan","MI",2022,17,7492,10033281,74.92,1348.56,1873,0,0.08,74.92,0.01,1348.56,0,74.92,0,74.92,74.92,0,1798.08,0.01
"125","Michigan","MI",2020,15,7492,10070627,74.92,1348.56,1873,0,0.08,74.92,0.01,1348.56,0,74.92,0,74.92,74.92,0,1798.08,0.01
"126","Michigan","MI",2021,16,7492,10038117,74.92,1348.56,1873,0,0.08,74.92,0.01,1348.56,0,74.92,0,74.92,74.92,0,1798.08,0.01
"127","Michigan","MI",2019,3,7492,9986857,74.92,1348.56,1873,0,0.08,74.92,0.01,1348.56,0,74.92,0,74.92,74.92,0,1798.08,0.01
"128","Minnesota","MN",2015,6,4576,5482032,0,1006.72,869.44,0,0.02,45.76,0.01,1327.04,45.76,45.76,0,0,45.76,0.01,915.2,0.02
"129","Minnesota","MN",2022,9,4576,5714300,0,1006.72,869.44,0,0.02,45.76,0.01,1327.04,45.76,45.76,0,0,45.76,0.01,915.2,0.02
"130","Minnesota","MN",2018,3,4576,5606249,0,1006.72,869.44,0,0.02,45.76,0.01,1327.04,45.76,45.76,0,0,45.76,0.01,915.2,0.02
"131","Minnesota","MN",2020,5,4576,5710578,0,1006.72,869.44,0,0.02,45.76,0.01,1327.04,45.76,45.76,0,0,45.76,0.01,915.2,0.02
"132","Minnesota","MN",2016,1,4576,5522744,0,1006.72,869.44,0,0.02,45.76,0.01,1327.04,45.76,45.76,0,0,45.76,0.01,915.2,0.02
"133","Minnesota","MN",2017,4,4576,5566230,0,1006.72,869.44,0,0.02,45.76,0.01,1327.04,45.76,45.76,0,0,45.76,0.01,915.2,0.02
"134","Minnesota","MN",2021,7,4576,5717968,0,1006.72,869.44,0,0.02,45.76,0.01,1327.04,45.76,45.76,0,0,45.76,0.01,915.2,0.02
"135","Minnesota","MN",2019,7,4576,5639632,0,1006.72,869.44,0,0.02,45.76,0.01,1327.04,45.76,45.76,0,0,45.76,0.01,915.2,0.02
"136","Mississippi","MS",2022,3,2067,2938928,0,82.68,847.47,0,0.24,0,0,248.04,20.67,0,0,0,20.67,0,289.38,0.01
"137","Mississippi","MS",2020,1,2067,2958409,0,82.68,847.47,0,0.24,0,0,248.04,20.67,0,0,0,20.67,0,289.38,0.01
"138","Missouri","MO",2022,8,5658,6177168,56.58,905.28,2036.88,0,0.06,0,0,905.28,56.58,0,0,0,56.58,0,1131.6,0
"139","Missouri","MO",2015,2,5658,6071732,56.58,905.28,2036.88,0,0.06,0,0,905.28,56.58,0,0,0,56.58,0,1131.6,0
"140","Missouri","MO",2021,13,5658,6170393,56.58,905.28,2036.88,0,0.06,0,0,905.28,56.58,0,0,0,56.58,0,1131.6,0
"141","Missouri","MO",2019,1,5658,6137428,56.58,905.28,2036.88,0,0.06,0,0,905.28,56.58,0,0,0,56.58,0,1131.6,0
"142","Missouri","MO",2020,3,5658,6154426,56.58,905.28,2036.88,0,0.06,0,0,905.28,56.58,0,0,0,56.58,0,1131.6,0
"143","Missouri","MO",2014,2,5658,6056202,56.58,905.28,2036.88,0,0.06,0,0,905.28,56.58,0,0,0,56.58,0,1131.6,0
"144","Missouri","MO",2017,1,5658,6106670,56.58,905.28,2036.88,0,0.06,0,0,905.28,56.58,0,0,0,56.58,0,1131.6,0
"145","Missouri","MO",2018,1,5658,6121623,56.58,905.28,2036.88,0,0.06,0,0,905.28,56.58,0,0,0,56.58,0,1131.6,0
"146","Montana","MT",2021,1,1074,1106366,10.74,182.58,300.72,0,0,0,0,150.36,42.96,0,10.74,0,42.96,0,322.2,0
"147","Montana","MT",2016,1,1074,1040859,10.74,182.58,300.72,0,0,0,0,150.36,42.96,0,10.74,0,42.96,0,322.2,0
"148","Montana","MT",2019,3,1074,1068778,10.74,182.58,300.72,0,0,0,0,150.36,42.96,0,10.74,0,42.96,0,322.2,0
"149","Montana","MT",2014,3,1074,1021869,10.74,182.58,300.72,0,0,0,0,150.36,42.96,0,10.74,0,42.96,0,322.2,0
"150","Nevada","NV",2021,2,1337,3146632,0,334.25,267.4,0,0.05,26.74,0.02,133.7,53.48,0,13.37,0,40.11,0,374.36,0.01
"151","Nevada","NV",2020,3,1337,3115840,0,334.25,267.4,0,0.05,26.74,0.02,133.7,53.48,0,13.37,0,40.11,0,374.36,0.01
"152","Nevada","NV",2022,6,1337,3177421,0,334.25,267.4,0,0.05,26.74,0.02,133.7,53.48,0,13.37,0,40.11,0,374.36,0.01
"153","Nevada","NV",2019,2,1337,3080156,0,334.25,267.4,0,0.05,26.74,0.02,133.7,53.48,0,13.37,0,40.11,0,374.36,0.01
"154","Nevada","NV",2016,1,1337,2917563,0,334.25,267.4,0,0.05,26.74,0.02,133.7,53.48,0,13.37,0,40.11,0,374.36,0.01
"155","New Hampshire","NH",2021,1,624,1387494,0,162.24,81.12,0,0.01,12.48,0.02,99.84,6.24,0,0,0,18.72,0,224.64,0
"156","New Hampshire","NH",2014,2,624,1333341,0,162.24,81.12,0,0.01,12.48,0.02,99.84,6.24,0,0,0,18.72,0,224.64,0
"157","New Hampshire","NH",2020,1,624,1378702,0,162.24,81.12,0,0.01,12.48,0.02,99.84,6.24,0,0,0,18.72,0,224.64,0
"158","New Jersey","NJ",2017,2,6480,8885525,0,2203.2,842.4,0.03,0.06,388.8,0.06,777.6,64.8,194.4,64.8,0,64.8,0.01,1166.4,0.01
"159","New Jersey","NJ",2021,41,6480,9269175,0,2203.2,842.4,0.03,0.06,388.8,0.06,777.6,64.8,194.4,64.8,0,64.8,0.01,1166.4,0.01
"160","New Jersey","NJ",2019,17,6480,8882190,0,2203.2,842.4,0.03,0.06,388.8,0.06,777.6,64.8,194.4,64.8,0,64.8,0.01,1166.4,0.01
"161","New Jersey","NJ",2015,2,6480,8867949,0,2203.2,842.4,0.03,0.06,388.8,0.06,777.6,64.8,194.4,64.8,0,64.8,0.01,1166.4,0.01
"162","New Jersey","NJ",2018,10,6480,8886025,0,2203.2,842.4,0.03,0.06,388.8,0.06,777.6,64.8,194.4,64.8,0,64.8,0.01,1166.4,0.01
"163","New Jersey","NJ",2016,1,6480,8870827,0,2203.2,842.4,0.03,0.06,388.8,0.06,777.6,64.8,194.4,64.8,0,64.8,0.01,1166.4,0.01
"164","New Jersey","NJ",2014,2,6480,8864525,0,2203.2,842.4,0.03,0.06,388.8,0.06,777.6,64.8,194.4,64.8,0,64.8,0.01,1166.4,0.01
"165","New Jersey","NJ",2022,58,6480,9260817,0,2203.2,842.4,0.03,0.06,388.8,0.06,777.6,64.8,194.4,64.8,0,64.8,0.01,1166.4,0.01
"166","New Jersey","NJ",2020,24,6480,9272392,0,2203.2,842.4,0.03,0.06,388.8,0.06,777.6,64.8,194.4,64.8,0,64.8,0.01,1166.4,0.01
"167","New Mexico","NM",2019,2,1865,2096829,18.65,634.1,428.95,0,0.01,0,0,261.1,37.3,0,0,0,37.3,0,391.65,0
"168","New Mexico","NM",2018,1,1865,2092741,18.65,634.1,428.95,0,0.01,0,0,261.1,37.3,0,0,0,37.3,0,391.65,0
"169","New Mexico","NM",2020,1,1865,2118488,18.65,634.1,428.95,0,0.01,0,0,261.1,37.3,0,0,0,37.3,0,391.65,0
"170","New Mexico","NM",2022,2,1865,2113476,18.65,634.1,428.95,0,0.01,0,0,261.1,37.3,0,0,0,37.3,0,391.65,0
"171","New Mexico","NM",2021,1,1865,2116950,18.65,634.1,428.95,0,0.01,0,0,261.1,37.3,0,0,0,37.3,0,391.65,0
"172","New York","NY",2016,24,16986,19633428,169.86,5265.66,1698.6,0.01,0.05,1189.02,0.07,1868.46,0,339.72,169.86,0,339.72,0,4586.22,0.01
"173","New York","NY",2019,16,16986,19453561,169.86,5265.66,1698.6,0.01,0.05,1189.02,0.07,1868.46,0,339.72,169.86,0,339.72,0,4586.22,0.01
"174","New York","NY",2020,14,16986,20104710,169.86,5265.66,1698.6,0.01,0.05,1189.02,0.07,1868.46,0,339.72,169.86,0,339.72,0,4586.22,0.01
"175","New York","NY",2018,13,16986,19530351,169.86,5265.66,1698.6,0.01,0.05,1189.02,0.07,1868.46,0,339.72,169.86,0,339.72,0,4586.22,0.01
"176","New York","NY",2014,5,16986,19651049,169.86,5265.66,1698.6,0.01,0.05,1189.02,0.07,1868.46,0,339.72,169.86,0,339.72,0,4586.22,0.01
"177","New York","NY",2022,19,16986,19673200,169.86,5265.66,1698.6,0.01,0.05,1189.02,0.07,1868.46,0,339.72,169.86,0,339.72,0,4586.22,0.01
"178","New York","NY",2021,28,16986,19854526,169.86,5265.66,1698.6,0.01,0.05,1189.02,0.07,1868.46,0,339.72,169.86,0,339.72,0,4586.22,0.01
"179","New York","NY",2017,15,16986,19589572,169.86,5265.66,1698.6,0.01,0.05,1189.02,0.07,1868.46,0,339.72,169.86,0,339.72,0,4586.22,0.01
"180","New York","NY",2015,4,16986,19654666,169.86,5265.66,1698.6,0.01,0.05,1189.02,0.07,1868.46,0,339.72,169.86,0,339.72,0,4586.22,0.01
"181","North Carolina","NC",2019,5,8233,10488084,0,740.97,2881.55,0,0.12,82.33,0.01,1564.27,82.33,0,82.33,0,82.33,0,1646.6,0
"182","North Carolina","NC",2015,2,8233,10031646,0,740.97,2881.55,0,0.12,82.33,0.01,1564.27,82.33,0,82.33,0,82.33,0,1646.6,0
"183","North Carolina","NC",2016,4,8233,10154788,0,740.97,2881.55,0,0.12,82.33,0.01,1564.27,82.33,0,82.33,0,82.33,0,1646.6,0
"184","North Carolina","NC",2022,4,8233,10695965,0,740.97,2881.55,0,0.12,82.33,0.01,1564.27,82.33,0,82.33,0,82.33,0,1646.6,0
"185","North Carolina","NC",2014,2,8233,9932887,0,740.97,2881.55,0,0.12,82.33,0.01,1564.27,82.33,0,82.33,0,82.33,0,1646.6,0
"186","North Carolina","NC",2021,7,8233,10567100,0,740.97,2881.55,0,0.12,82.33,0.01,1564.27,82.33,0,82.33,0,82.33,0,1646.6,0
"187","North Dakota","ND",2020,1,839,779563,0,218.14,184.58,0,0.01,0,0,234.92,0,8.39,0,0,16.78,0,167.8,0
"188","North Dakota","ND",2022,1,839,778912,0,218.14,184.58,0,0.01,0,0,234.92,0,8.39,0,0,16.78,0,167.8,0
"189","Ohio","OH",2019,24,9466,11689100,94.66,1703.88,2745.14,0,0.07,94.66,0.01,1609.22,94.66,94.66,0,0,189.32,0,2082.52,0
"190","Ohio","OH",2016,3,9466,11634370,94.66,1703.88,2745.14,0,0.07,94.66,0.01,1609.22,94.66,94.66,0,0,189.32,0,2082.52,0
"191","Ohio","OH",2022,46,9466,11759697,94.66,1703.88,2745.14,0,0.07,94.66,0.01,1609.22,94.66,94.66,0,0,189.32,0,2082.52,0
"192","Ohio","OH",2021,37,9466,11765227,94.66,1703.88,2745.14,0,0.07,94.66,0.01,1609.22,94.66,94.66,0,0,189.32,0,2082.52,0
"193","Ohio","OH",2017,3,9466,11659650,94.66,1703.88,2745.14,0,0.07,94.66,0.01,1609.22,94.66,94.66,0,0,189.32,0,2082.52,0
"194","Ohio","OH",2014,8,9466,11602700,94.66,1703.88,2745.14,0,0.07,94.66,0.01,1609.22,94.66,94.66,0,0,189.32,0,2082.52,0
"195","Ohio","OH",2020,31,9466,11798292,94.66,1703.88,2745.14,0,0.07,94.66,0.01,1609.22,94.66,94.66,0,0,189.32,0,2082.52,0
"196","Ohio","OH",2018,6,9466,11676341,94.66,1703.88,2745.14,0,0.07,94.66,0.01,1609.22,94.66,94.66,0,0,189.32,0,2082.52,0
"197","Ohio","OH",2015,3,9466,11617527,94.66,1703.88,2745.14,0,0.07,94.66,0.01,1609.22,94.66,94.66,0,0,189.32,0,2082.52,0
"198","Oklahoma","OK",2022,2,4040,4019271,0,323.2,1898.8,0,0.04,0,0,727.2,40.4,0,0,0,40.4,0,727.2,0.01
"199","Oklahoma","OK",2021,2,4040,3991634,0,323.2,1898.8,0,0.04,0,0,727.2,40.4,0,0,0,40.4,0,727.2,0.01
"200","Oklahoma","OK",2020,1,4040,3965234,0,323.2,1898.8,0,0.04,0,0,727.2,40.4,0,0,0,40.4,0,727.2,0.01
"201","Oklahoma","OK",2017,2,4040,3931316,0,323.2,1898.8,0,0.04,0,0,727.2,40.4,0,0,0,40.4,0,727.2,0.01
"202","Oregon","OR",2017,4,3343,4143625,0,401.16,969.47,0,0.01,66.86,0.02,434.59,133.72,33.43,33.43,33.43,100.29,0.01,1036.33,0.01
"203","Oregon","OR",2020,13,3343,4245044,0,401.16,969.47,0,0.01,66.86,0.02,434.59,133.72,33.43,33.43,33.43,100.29,0.01,1036.33,0.01
"204","Oregon","OR",2019,9,3343,4217737,0,401.16,969.47,0,0.01,66.86,0.02,434.59,133.72,33.43,33.43,33.43,100.29,0.01,1036.33,0.01
"205","Oregon","OR",2018,11,3343,4181886,0,401.16,969.47,0,0.01,66.86,0.02,434.59,133.72,33.43,33.43,33.43,100.29,0.01,1036.33,0.01
"206","Oregon","OR",2014,1,3343,3963244,0,401.16,969.47,0,0.01,66.86,0.02,434.59,133.72,33.43,33.43,33.43,100.29,0.01,1036.33,0.01
"207","Oregon","OR",2016,2,3343,4089976,0,401.16,969.47,0,0.01,66.86,0.02,434.59,133.72,33.43,33.43,33.43,100.29,0.01,1036.33,0.01
"208","Oregon","OR",2022,15,3343,4239379,0,401.16,969.47,0,0.01,66.86,0.02,434.59,133.72,33.43,33.43,33.43,100.29,0.01,1036.33,0.01
"209","Oregon","OR",2015,1,3343,4015792,0,401.16,969.47,0,0.01,66.86,0.02,434.59,133.72,33.43,33.43,33.43,100.29,0.01,1036.33,0.01
"210","Oregon","OR",2021,14,3343,4256465,0,401.16,969.47,0,0.01,66.86,0.02,434.59,133.72,33.43,33.43,33.43,100.29,0.01,1036.33,0.01
"211","Pennsylvania","PA",2015,1,9036,12784826,0,2168.64,1716.84,0.01,0.05,90.36,0.01,2078.28,0,90.36,0,0,180.72,0,1897.56,0.01
"212","Pennsylvania","PA",2022,4,9036,12972091,0,2168.64,1716.84,0.01,0.05,90.36,0.01,2078.28,0,90.36,0,0,180.72,0,1897.56,0.01
"213","Pennsylvania","PA",2020,2,9036,12995477,0,2168.64,1716.84,0.01,0.05,90.36,0.01,2078.28,0,90.36,0,0,180.72,0,1897.56,0.01
"214","Pennsylvania","PA",2018,1,9036,12800922,0,2168.64,1716.84,0.01,0.05,90.36,0.01,2078.28,0,90.36,0,0,180.72,0,1897.56,0.01
"215","Pennsylvania","PA",2017,2,9036,12787641,0,2168.64,1716.84,0.01,0.05,90.36,0.01,2078.28,0,90.36,0,0,180.72,0,1897.56,0.01
"216","Pennsylvania","PA",2021,3,9036,13013614,0,2168.64,1716.84,0.01,0.05,90.36,0.01,2078.28,0,90.36,0,0,180.72,0,1897.56,0.01
"217","Rhode Island","RI",2019,1,589,1059361,0,247.38,82.46,0.01,0.02,5.89,0.01,82.46,5.89,0,0,0,5.89,0.01,117.8,0.01
"218","Rhode Island","RI",2020,1,589,1096444,0,247.38,82.46,0.01,0.02,5.89,0.01,82.46,5.89,0,0,0,5.89,0.01,117.8,0.01
"219","South Carolina","SC",2020,3,5909,5132151,0,590.9,2068.15,0,0.15,59.09,0.01,945.44,59.09,0,59.09,0,59.09,0,1122.71,0.01
"220","South Carolina","SC",2021,1,5909,5193848,0,590.9,2068.15,0,0.15,59.09,0.01,945.44,59.09,0,59.09,0,59.09,0,1122.71,0.01
"221","South Carolina","SC",2022,2,5909,5282955,0,590.9,2068.15,0,0.15,59.09,0.01,945.44,59.09,0,59.09,0,59.09,0,1122.71,0.01
"222","South Carolina","SC",2019,1,5909,5148714,0,590.9,2068.15,0,0.15,59.09,0.01,945.44,59.09,0,59.09,0,59.09,0,1122.71,0.01
"223","South Carolina","SC",2018,2,5909,5084156,0,590.9,2068.15,0,0.15,59.09,0.01,945.44,59.09,0,59.09,0,59.09,0,1122.71,0.01
"224","South Carolina","SC",2017,1,5909,5021268,0,590.9,2068.15,0,0.15,59.09,0.01,945.44,59.09,0,59.09,0,59.09,0,1122.71,0.01
"225","South Dakota","SD",2014,1,985,849129,9.85,216.7,246.25,0,0,0,0,315.2,0,0,0,0,19.7,0,177.3,0
"226","South Dakota","SD",2016,2,985,862996,9.85,216.7,246.25,0,0,0,0,315.2,0,0,0,0,19.7,0,177.3,0
"227","South Dakota","SD",2020,1,985,887852,9.85,216.7,246.25,0,0,0,0,315.2,0,0,0,0,19.7,0,177.3,0
"228","Tennessee","TN",2015,4,4648,6591170,46.48,278.88,2416.96,0,0.08,46.48,0.01,604.24,46.48,46.48,0,0,46.48,0,650.72,0.01
"229","Tennessee","TN",2016,1,4648,6646010,46.48,278.88,2416.96,0,0.08,46.48,0.01,604.24,46.48,46.48,0,0,46.48,0,650.72,0.01
"230","Tennessee","TN",2014,3,4648,6541223,46.48,278.88,2416.96,0,0.08,46.48,0.01,604.24,46.48,46.48,0,0,46.48,0,650.72,0.01
"231","Tennessee","TN",2018,5,4648,6771631,46.48,278.88,2416.96,0,0.08,46.48,0.01,604.24,46.48,46.48,0,0,46.48,0,650.72,0.01
"232","Tennessee","TN",2022,1,4648,7048976,46.48,278.88,2416.96,0,0.08,46.48,0.01,604.24,46.48,46.48,0,0,46.48,0,650.72,0.01
"233","Tennessee","TN",2021,2,4648,6963709,46.48,278.88,2416.96,0,0.08,46.48,0.01,604.24,46.48,46.48,0,0,46.48,0,650.72,0.01
"234","Tennessee","TN",2020,5,4648,6926091,46.48,278.88,2416.96,0,0.08,46.48,0.01,604.24,46.48,46.48,0,0,46.48,0,650.72,0.01
"235","Texas","TX",2022,41,21754,30029848,217.54,5003.42,6743.74,0,0.06,217.54,0.01,2828.02,217.54,217.54,0,217.54,217.54,0,3915.72,0
"236","Texas","TX",2017,8,21754,28295273,217.54,5003.42,6743.74,0,0.06,217.54,0.01,2828.02,217.54,217.54,0,217.54,217.54,0,3915.72,0
"237","Texas","TX",2019,17,21754,28995881,217.54,5003.42,6743.74,0,0.06,217.54,0.01,2828.02,217.54,217.54,0,217.54,217.54,0,3915.72,0
"238","Texas","TX",2018,15,21754,28628666,217.54,5003.42,6743.74,0,0.06,217.54,0.01,2828.02,217.54,217.54,0,217.54,217.54,0,3915.72,0
"239","Texas","TX",2014,3,21754,26964333,217.54,5003.42,6743.74,0,0.06,217.54,0.01,2828.02,217.54,217.54,0,217.54,217.54,0,3915.72,0
"240","Texas","TX",2015,6,21754,27470056,217.54,5003.42,6743.74,0,0.06,217.54,0.01,2828.02,217.54,217.54,0,217.54,217.54,0,3915.72,0
"241","Texas","TX",2016,9,21754,27914410,217.54,5003.42,6743.74,0,0.06,217.54,0.01,2828.02,217.54,217.54,0,217.54,217.54,0,3915.72,0
"242","Texas","TX",2021,26,21754,29561286,217.54,5003.42,6743.74,0,0.06,217.54,0.01,2828.02,217.54,217.54,0,217.54,217.54,0,3915.72,0
"243","Texas","TX",2020,10,21754,29234361,217.54,5003.42,6743.74,0,0.06,217.54,0.01,2828.02,217.54,217.54,0,217.54,217.54,0,3915.72,0
"244","Utah","UT",2014,1,782,2936879,7.82,39.1,54.74,0,0,0,0,46.92,430.1,7.82,0,0,15.64,0,172.04,0.01
"245","Utah","UT",2021,8,782,3339284,7.82,39.1,54.74,0,0,0,0,46.92,430.1,7.82,0,0,15.64,0,172.04,0.01
"246","Utah","UT",2015,2,782,2981835,7.82,39.1,54.74,0,0,0,0,46.92,430.1,7.82,0,0,15.64,0,172.04,0.01
"247","Utah","UT",2017,4,782,3101042,7.82,39.1,54.74,0,0,0,0,46.92,430.1,7.82,0,0,15.64,0,172.04,0.01
"248","Utah","UT",2019,5,782,3205958,7.82,39.1,54.74,0,0,0,0,46.92,430.1,7.82,0,0,15.64,0,172.04,0.01
"249","Utah","UT",2020,7,782,3283982,7.82,39.1,54.74,0,0,0,0,46.92,430.1,7.82,0,0,15.64,0,172.04,0.01
"250","Utah","UT",2022,5,782,3381236,7.82,39.1,54.74,0,0,0,0,46.92,430.1,7.82,0,0,15.64,0,172.04,0.01
"251","Utah","UT",2018,1,782,3153550,7.82,39.1,54.74,0,0,0,0,46.92,430.1,7.82,0,0,15.64,0,172.04,0.01
"252","Vermont","VT",2019,1,404,623989,4.04,88.88,44.44,0.01,0,8.08,0.02,76.76,0,0,4.04,0,12.12,0.01,149.48,0.02
"253","Vermont","VT",2015,1,404,625216,4.04,88.88,44.44,0.01,0,8.08,0.02,76.76,0,0,4.04,0,12.12,0.01,149.48,0.02
"254","Virginia","VA",2017,4,6814,8463587,68.14,817.68,2044.2,0,0.12,68.14,0.01,1090.24,136.28,68.14,68.14,0,68.14,0,1362.8,0
"255","Virginia","VA",2022,7,6814,8679099,68.14,817.68,2044.2,0,0.12,68.14,0.01,1090.24,136.28,68.14,68.14,0,68.14,0,1362.8,0
"256","Virginia","VA",2015,2,6814,8361808,68.14,817.68,2044.2,0,0.12,68.14,0.01,1090.24,136.28,68.14,68.14,0,68.14,0,1362.8,0
"257","Virginia","VA",2016,2,6814,8410106,68.14,817.68,2044.2,0,0.12,68.14,0.01,1090.24,136.28,68.14,68.14,0,68.14,0,1362.8,0
"258","Virginia","VA",2021,1,6814,8657348,68.14,817.68,2044.2,0,0.12,68.14,0.01,1090.24,136.28,68.14,68.14,0,68.14,0,1362.8,0
"259","Virginia","VA",2020,3,6814,8637193,68.14,817.68,2044.2,0,0.12,68.14,0.01,1090.24,136.28,68.14,68.14,0,68.14,0,1362.8,0
"260","Virginia","VA",2018,1,6814,8501286,68.14,817.68,2044.2,0,0.12,68.14,0.01,1090.24,136.28,68.14,68.14,0,68.14,0,1362.8,0
"261","Virginia","VA",2019,3,6814,8535519,68.14,817.68,2044.2,0,0.12,68.14,0.01,1090.24,136.28,68.14,68.14,0,68.14,0,1362.8,0
"262","Washington","WA",2021,21,5325,7741433,53.25,905.25,1331.25,0.01,0.02,53.25,0.01,692.25,159.75,0,0,53.25,159.75,0,1704,0.01
"263","Washington","WA",2022,37,5325,7784477,53.25,905.25,1331.25,0.01,0.02,53.25,0.01,692.25,159.75,0,0,53.25,159.75,0,1704,0.01
"264","Washington","WA",2019,15,5325,7614893,53.25,905.25,1331.25,0.01,0.02,53.25,0.01,692.25,159.75,0,0,53.25,159.75,0,1704,0.01
"265","Washington","WA",2015,9,5325,7163657,53.25,905.25,1331.25,0.01,0.02,53.25,0.01,692.25,159.75,0,0,53.25,159.75,0,1704,0.01
"266","Washington","WA",2017,19,5325,7423362,53.25,905.25,1331.25,0.01,0.02,53.25,0.01,692.25,159.75,0,0,53.25,159.75,0,1704,0.01
"267","Washington","WA",2018,20,5325,7523869,53.25,905.25,1331.25,0.01,0.02,53.25,0.01,692.25,159.75,0,0,53.25,159.75,0,1704,0.01
"268","Washington","WA",2016,15,5325,7294771,53.25,905.25,1331.25,0.01,0.02,53.25,0.01,692.25,159.75,0,0,53.25,159.75,0,1704,0.01
"269","Washington","WA",2020,20,5325,7724566,53.25,905.25,1331.25,0.01,0.02,53.25,0.01,692.25,159.75,0,0,53.25,159.75,0,1704,0.01
"270","West Virginia","WV",2014,1,1508,1849489,0,90.48,588.12,0,0.02,15.08,0.01,437.32,30.16,15.08,0,0,15.08,0,271.44,0.01
"271","West Virginia","WV",2020,1,1508,1791562,0,90.48,588.12,0,0.02,15.08,0.01,437.32,30.16,15.08,0,0,15.08,0,271.44,0.01
"272","West Virginia","WV",2015,1,1508,1842050,0,90.48,588.12,0,0.02,15.08,0.01,437.32,30.16,15.08,0,0,15.08,0,271.44,0.01
"273","West Virginia","WV",2022,3,1508,1774035,0,90.48,588.12,0,0.02,15.08,0.01,437.32,30.16,15.08,0,0,15.08,0,271.44,0.01
"274","West Virginia","WV",2016,1,1508,1831023,0,90.48,588.12,0,0.02,15.08,0.01,437.32,30.16,15.08,0,0,15.08,0,271.44,0.01
"275","West Virginia","WV",2019,5,1508,1792147,0,90.48,588.12,0,0.02,15.08,0.01,437.32,30.16,15.08,0,0,15.08,0,271.44,0.01
"276","West Virginia","WV",2021,2,1508,1785249,0,90.48,588.12,0,0.02,15.08,0.01,437.32,30.16,15.08,0,0,15.08,0,271.44,0.01
"277","Wisconsin","WI",2018,2,4120,5807406,0,1030,906.4,0,0.04,41.2,0.01,741.6,0,41.2,41.2,0,41.2,0,1030,0
"278","Wisconsin","WI",2016,1,4120,5772628,0,1030,906.4,0,0.04,41.2,0.01,741.6,0,41.2,41.2,0,41.2,0,1030,0
"279","Wisconsin","WI",2020,3,4120,5896700,0,1030,906.4,0,0.04,41.2,0.01,741.6,0,41.2,41.2,0,41.2,0,1030,0
"280","Wisconsin","WI",2021,11,4120,5879978,0,1030,906.4,0,0.04,41.2,0.01,741.6,0,41.2,41.2,0,41.2,0,1030,0
"281","Wisconsin","WI",2022,8,4120,5890543,0,1030,906.4,0,0.04,41.2,0.01,741.6,0,41.2,41.2,0,41.2,0,1030,0
"282","Wisconsin","WI",2019,1,4120,5822434,0,1030,906.4,0,0.04,41.2,0.01,741.6,0,41.2,41.2,0,41.2,0,1030,0
"283","Wyoming","WY",2022,1,481,581629,4.81,67.34,129.87,0,0,0,0,76.96,43.29,0,0,4.81,14.43,0,125.06,0
